filename,file_size,file_attributes,region_count,region_id,region_shape_attributes,region_attributes
Day.(1).jpg,69556,"{""caption"":"""",""public_domain"":""no"",""image_url"":""""}",1,0,"{""name"":""polygon"",""all_points_x"":[182,159,150,142,135,117,113,118,122,130,143,154,166,176,187,195,206,210,211,218,226,224,219,226,207,193],""all_points_y"":[89,98,111,118,133,145,153,165,176,181,193,201,209,209,213,213,209,202,197,189,166,150,132,113,106,96]}","{""name"":""not_defined"",""type"":""unknown"",""image_quality"":{""good"":true,""frontal"":true,""good_illumination"":true}}"
Day.(3).jpg,106296,"{""caption"":"""",""public_domain"":""no"",""image_url"":""""}",1,0,"{""name"":""polygon"",""all_points_x"":[259,243,225,211,202,192,185,190,191,200,206,211,222,232,243,254,266,273,286,290,302,300,301,290,270,272],""all_points_y"":[54,62,71,81,83,89,101,119,126,142,145,149,156,164,166,166,170,162,153,149,121,105,87,69,65,49]}","{""name"":""not_defined"",""type"":""unknown"",""image_quality"":{""good"":true,""frontal"":true,""good_illumination"":true}}"
Day.(5).jpg,187243,"{""caption"":"""",""public_domain"":""no"",""image_url"":""""}",1,0,"{""name"":""polygon"",""all_points_x"":[330,327,294,275,262,261,260,269,278,284,290,298,306,310,317,328,346,356,361,366,372,388,389,383,373,361,347],""all_points_y"":[221,221,248,258,269,281,302,317,326,328,332,338,343,354,360,360,360,355,338,323,321,314,299,270,243,234,226]}","{""name"":""not_defined"",""type"":""unknown"",""image_quality"":{""good"":true,""frontal"":true,""good_illumination"":true}}"
Day.(7).jpg,101853,"{""caption"":"""",""public_domain"":""no"",""image_url"":""""}",1,0,"{""name"":""polygon"",""all_points_x"":[259,223,208,197,190,195,197,202,214,223,242,246,260,268,277,285,282,262],""all_points_y"":[180,179,185,187,193,203,217,230,236,245,256,256,254,239,225,209,197,175]}","{""name"":""not_defined"",""type"":""unknown"",""image_quality"":{""good"":true,""frontal"":true,""good_illumination"":true}}"
Day.(9).jpg,162468,"{""caption"":"""",""public_domain"":""no"",""image_url"":""""}",1,0,"{""name"":""polygon"",""all_points_x"":[265,244,230,231,236,246,254,266,281,296,301,301,301,295,286,270],""all_points_y"":[222,239,249,265,269,285,290,297,295,275,261,252,239,228,221,228]}","{""name"":""not_defined"",""type"":""unknown"",""image_quality"":{""good"":true,""frontal"":true,""good_illumination"":true}}"
Day.(11).jpg,306664,"{""caption"":"""",""public_domain"":""no"",""image_url"":""""}",1,0,"{""name"":""polygon"",""all_points_x"":[357,345,331,316,316,321,334,352,369,383,386,391,408,411,404,391,392,388,373],""all_points_y"":[335,350,359,372,394,403,418,426,429,424,423,418,396,387,376,361,350,335,334]}","{""name"":""not_defined"",""type"":""unknown"",""image_quality"":{""good"":true,""frontal"":true,""good_illumination"":true}}"
Day.(13).jpg,297262,"{""caption"":"""",""public_domain"":""no"",""image_url"":""""}",1,0,"{""name"":""polygon"",""all_points_x"":[454,439,445,454,463,463],""all_points_y"":[475,486,499,500,493,485]}","{""name"":""not_defined"",""type"":""unknown"",""image_quality"":{""good"":true,""frontal"":true,""good_illumination"":true}}"