filename,file_size,file_attributes,region_count,region_id,region_shape_attributes,region_attributes
Day.(1).jpg,131919,"{""caption"":"""",""public_domain"":""no"",""image_url"":""""}",1,0,"{""name"":""polygon"",""all_points_x"":[224,189,180,174,160,166,176,190,200,211,230,253,269,277,284,279,274,269,258,250],""all_points_y"":[141,171,177,197,226,249,271,285,297,297,293,283,264,242,222,201,178,165,158,152]}","{""name"":""not_defined"",""type"":""unknown"",""image_quality"":{""good"":true,""frontal"":true,""good_illumination"":true}}"
Day.(3).jpg,252641,"{""caption"":"""",""public_domain"":""no"",""image_url"":""""}",1,0,"{""name"":""polygon"",""all_points_x"":[318,288,266,254,239,227,227,226,229,235,250,262,282,303,322,331,342,354,362,363,363,366,351,336],""all_points_y"":[210,226,238,247,270,295,321,333,349,369,387,397,394,393,385,373,359,334,317,297,278,250,236,218]}","{""name"":""not_defined"",""type"":""unknown"",""image_quality"":{""good"":true,""frontal"":true,""good_illumination"":true}}"
Day.(5).jpg,279891,"{""caption"":"""",""public_domain"":""no"",""image_url"":""""}",1,0,"{""name"":""polygon"",""all_points_x"":[357,332,320,310,311,318,329,344,364,378,396,414,422,428,430,432,420,411,398,383],""all_points_y"":[322,345,366,388,414,440,470,481,500,500,491,478,463,446,422,392,366,343,334,327]}","{""name"":""not_defined"",""type"":""unknown"",""image_quality"":{""good"":true,""frontal"":true,""good_illumination"":true}}"
Day.(7).jpg,285765,"{""caption"":"""",""public_domain"":""no"",""image_url"":""""}",1,0,"{""name"":""polygon"",""all_points_x"":[371,348,338,326,325,325,329,335,350,362,382,394,406,412,418,420,420,404,398],""all_points_y"":[293,304,317,344,371,391,407,423,436,440,440,431,414,396,371,354,326,306,297]}","{""name"":""not_defined"",""type"":""unknown"",""image_quality"":{""good"":true,""frontal"":true,""good_illumination"":true}}"
Day.(9).jpg,412342,"{""caption"":"""",""public_domain"":""no"",""image_url"":""""}",1,0,"{""name"":""polygon"",""all_points_x"":[444,417,409,396,395,393,392,393,404,420,440,456,476,486,502,502,502,492,475],""all_points_y"":[408,427,472,472,484,511,532,553,579,582,577,573,558,538,508,478,454,428,419]}","{""name"":""not_defined"",""type"":""unknown"",""image_quality"":{""good"":true,""frontal"":true,""good_illumination"":true}}"
Day.(11).jpg,720416,"{""caption"":"""",""public_domain"":""no"",""image_url"":""""}",1,0,"{""name"":""polygon"",""all_points_x"":[600,584,593,598,597,595,629,665,679,699,701,704,697,692,672,632],""all_points_y"":[505,534,561,604,634,661,697,703,685,663,650,620,598,571,535,512]}","{""name"":""not_defined"",""type"":""unknown"",""image_quality"":{""good"":true,""frontal"":true,""good_illumination"":true}}"
Day.(13).jpg,592858,"{""caption"":"""",""public_domain"":""no"",""image_url"":""""}",1,0,"{""name"":""polygon"",""all_points_x"":[483,451,451,465,465,484,499,515,536,540,549,539,521,503],""all_points_y"":[436,452,483,543,567,572,583,589,574,559,530,506,462,446]}","{""name"":""not_defined"",""type"":""unknown"",""image_quality"":{""good"":true,""frontal"":true,""good_illumination"":true}}"