filename,file_size,file_attributes,region_count,region_id,region_shape_attributes,region_attributes
Day.(1).jpg,114584,"{""caption"":"""",""public_domain"":""no"",""image_url"":""""}",1,0,"{""name"":""polygon"",""all_points_x"":[202,181,164,150,138,138,134,131,133,146,147,160,171,180,190,202,210,222,235,242,239,245,254,254,244,253,246,229],""all_points_y"":[125,138,143,153,175,190,196,211,224,229,237,246,253,258,260,259,253,249,244,235,225,213,205,192,185,173,157,137]}","{""name"":""not_defined"",""type"":""unknown"",""image_quality"":{""good"":true,""frontal"":true,""good_illumination"":true}}"
Day.(3).jpg,130794,"{""caption"":"""",""public_domain"":""no"",""image_url"":""""}",1,0,"{""name"":""polygon"",""all_points_x"":[209,189,178,178,181,191,197,209,213,221,226,235,238,242,252,261,270,270,270,269,260,254,242,235,222,217],""all_points_y"":[161,170,183,200,213,232,237,245,247,254,257,256,253,245,241,233,225,212,199,192,177,172,166,166,169,158]}","{""name"":""not_defined"",""type"":""unknown"",""image_quality"":{""good"":true,""frontal"":true,""good_illumination"":true}}"
Day.(5).jpg,240258,"{""caption"":"""",""public_domain"":""no"",""image_url"":""""}",1,0,"{""name"":""polygon"",""all_points_x"":[316,304,288,278,268,269,275,287,298,313,321,334,347,353,357,361,357,333],""all_points_y"":[307,309,317,330,354,370,383,388,399,399,396,389,386,372,359,344,329,313]}","{""name"":""not_defined"",""type"":""unknown"",""image_quality"":{""good"":true,""frontal"":true,""good_illumination"":true}}"
Day.(7).jpg,274943,"{""caption"":"""",""public_domain"":""no"",""image_url"":""""}",1,0,"{""name"":""polygon"",""all_points_x"":[341,337,335,332,342,349,354,356,359,370,377,381,393,396,389,369,359],""all_points_y"":[360,380,395,413,422,429,431,431,431,430,428,425,413,400,388,374,362]}","{""name"":""not_defined"",""type"":""unknown"",""image_quality"":{""good"":true,""frontal"":true,""good_illumination"":true}}"
Day.(9).jpg,349725,"{""caption"":"""",""public_domain"":""no"",""image_url"":""""}",1,0,"{""name"":""polygon"",""all_points_x"":[426,415,408,400,404,405,416,428,438,448,453,460,463,463,461,444],""all_points_y"":[338,352,361,369,393,393,401,409,409,409,399,386,376,366,351,341]}","{""name"":""not_defined"",""type"":""unknown"",""image_quality"":{""good"":true,""frontal"":true,""good_illumination"":true}}"
Day.(11).jpg,402890,"{""caption"":"""",""public_domain"":""no"",""image_url"":""""}",1,0,"{""name"":""polygon"",""all_points_x"":[452,433,417,407,383,368,368,375,386,408,424,435,449,457,470,478,480,477,459],""all_points_y"":[349,347,345,347,358,373,393,415,420,428,431,431,419,415,413,399,392,362,349]}","{""name"":""not_defined"",""type"":""unknown"",""image_quality"":{""good"":true,""frontal"":true,""good_illumination"":true}}"
Day.(13).jpg,546233,"{""caption"":"""",""public_domain"":""no"",""image_url"":""""}",1,0,"{""name"":""polygon"",""all_points_x"":[471,457,437,424,415,412,412,425,436,455,462,479,496,508,512,493,480],""all_points_y"":[367,381,383,396,407,418,429,448,462,462,468,464,433,425,411,393,371]}","{""name"":""not_defined"",""type"":""unknown"",""image_quality"":{""good"":true,""frontal"":true,""good_illumination"":true}}"