filename,file_size,file_attributes,region_count,region_id,region_shape_attributes,region_attributes
Day.(1).jpg,184023,"{""caption"":"""",""public_domain"":""no"",""image_url"":""""}",1,0,"{""name"":""polygon"",""all_points_x"":[287,262,246,218,210,208,221,235,250,267,293,306,322,329,342,350,357,363,352,338,301],""all_points_y"":[206,219,230,258,268,277,279,288,302,317,327,337,311,308,297,278,265,249,242,230,209]}","{""name"":""not_defined"",""type"":""unknown"",""image_quality"":{""good"":true,""frontal"":true,""good_illumination"":true}}"
Day.(3).jpg,179542,"{""caption"":"""",""public_domain"":""no"",""image_url"":""""}",1,0,"{""name"":""polygon"",""all_points_x"":[278,262,238,230,218,222,226,237,242,253,268,282,301,318,322,328,317,302],""all_points_y"":[197,201,213,228,229,243,256,264,281,297,301,298,291,287,271,261,239,209]}","{""name"":""not_defined"",""type"":""unknown"",""image_quality"":{""good"":true,""frontal"":true,""good_illumination"":true}}"
Day.(5).jpg,262462,"{""caption"":"""",""public_domain"":""no"",""image_url"":""""}",1,0,"{""name"":""polygon"",""all_points_x"":[331,312,306,301,292,283,292,305,323,321,346,349,369,375,386,391,394,410,419,422,430,430,419,386],""all_points_y"":[357,380,391,405,418,427,436,436,442,453,462,471,473,481,479,472,456,453,440,432,414,396,385,369]}","{""name"":""not_defined"",""type"":""unknown"",""image_quality"":{""good"":true,""frontal"":true,""good_illumination"":true}}"
Day.(7).jpg,336564,"{""caption"":"""",""public_domain"":""no"",""image_url"":""""}",1,0,"{""name"":""polygon"",""all_points_x"":[388,368,354,343,334,320,313,318,331,340,353,371,387,402,417,426,401],""all_points_y"":[414,419,435,429,419,427,441,453,456,473,482,487,482,475,463,453,418]}","{""name"":""not_defined"",""type"":""unknown"",""image_quality"":{""good"":true,""frontal"":true,""good_illumination"":true}}"
Day.(9).jpg,353218,"{""caption"":"""",""public_domain"":""no"",""image_url"":""""}",1,0,"{""name"":""polygon"",""all_points_x"":[361,333,323,313,325,338,361,374,385,396,398,416,419,415,393,376],""all_points_y"":[408,417,422,429,443,460,467,467,463,459,459,450,436,420,409,407]}","{""name"":""not_defined"",""type"":""unknown"",""image_quality"":{""good"":true,""frontal"":true,""good_illumination"":true}}"
Day.(11).jpg,1101798,"{""caption"":"""",""public_domain"":""no"",""image_url"":""""}",1,0,"{""name"":""polygon"",""all_points_x"":[760,669,693,723,736,777,801,775],""all_points_y"":[820,846,893,908,908,908,891,822]}","{""name"":""not_defined"",""type"":""unknown"",""image_quality"":{""good"":true,""frontal"":true,""good_illumination"":true}}"
Day.(13).jpg,950342,"{""caption"":"""",""public_domain"":""no"",""image_url"":""""}",1,0,"{""name"":""polygon"",""all_points_x"":[654,613,581,594,635,659,697,697,678],""all_points_y"":[657,661,684,730,747,745,721,693,665]}","{""name"":""not_defined"",""type"":""unknown"",""image_quality"":{""good"":true,""frontal"":true,""good_illumination"":true}}"