filename,file_size,file_attributes,region_count,region_id,region_shape_attributes,region_attributes
Day.(1).jpg,78796,"{""caption"":"""",""public_domain"":""no"",""image_url"":""""}",1,0,"{""name"":""polygon"",""all_points_x"":[153,137,123,124,124,126,124,126,130,133,138,146,154,166,177,191,209,220,229,236,244,242,231,229,223,211,204,199,182,178,168],""all_points_y"":[106,114,129,140,152,169,178,192,198,210,221,235,240,245,252,257,258,244,237,229,219,191,180,169,157,147,134,125,117,101,101]}","{""name"":""not_defined"",""type"":""unknown"",""image_quality"":{""good"":true,""frontal"":true,""good_illumination"":true}}"
Day.(3).jpg,49954,"{""caption"":"""",""public_domain"":""no"",""image_url"":""""}",1,0,"{""name"":""polygon"",""all_points_x"":[134,115,110,106,105,101,101,104,108,117,129,138,150,162,171,174,174,168,156,150],""all_points_y"":[74,79,93,101,112,119,132,145,153,162,171,175,172,164,149,135,117,102,90,76]}","{""name"":""not_defined"",""type"":""unknown"",""image_quality"":{""good"":true,""frontal"":true,""good_illumination"":true}}"
Day.(5).jpg,122324,"{""caption"":"""",""public_domain"":""no"",""image_url"":""""}",1,0,"{""name"":""polygon"",""all_points_x"":[218,181,178,175,175,182,190,205,231,246,269,284,284,279,270,262,254,235],""all_points_y"":[155,193,211,229,252,270,285,301,325,318,302,281,262,235,209,188,173,161]}","{""name"":""not_defined"",""type"":""unknown"",""image_quality"":{""good"":true,""frontal"":true,""good_illumination"":true}}"
Day.(7).jpg,140863,"{""caption"":"""",""public_domain"":""no"",""image_url"":""""}",1,0,"{""name"":""polygon"",""all_points_x"":[230,214,203,197,197,193,192,192,196,211,225,240,266,282,294,294,294,291,282,282,282,278,270,256,238],""all_points_y"":[158,172,190,207,224,235,252,270,287,301,312,321,321,311,289,271,256,244,222,209,199,183,171,164,156]}","{""name"":""not_defined"",""type"":""unknown"",""image_quality"":{""good"":true,""frontal"":true,""good_illumination"":true}}"
Day.(9).jpg,87885,"{""caption"":"""",""public_domain"":""no"",""image_url"":""""}",1,0,"{""name"":""polygon"",""all_points_x"":[198,189,178,168,158,150,158,172,190,204,210,218,225,231,236,238,248,253,253,246,231,213,206],""all_points_y"":[163,177,192,208,224,245,257,263,270,270,261,258,249,243,235,231,221,210,200,184,165,167,158]}","{""name"":""not_defined"",""type"":""unknown"",""image_quality"":{""good"":true,""frontal"":true,""good_illumination"":true}}"
Day.(11).jpg,110387,"{""caption"":"""",""public_domain"":""no"",""image_url"":""""}",1,0,"{""name"":""polygon"",""all_points_x"":[232,216,216,216,216,220,229,241,273,281,286,280,276,270,248],""all_points_y"":[192,202,217,228,253,269,281,288,288,281,253,237,221,201,189]}","{""name"":""not_defined"",""type"":""unknown"",""image_quality"":{""good"":true,""frontal"":true,""good_illumination"":true}}"
Day.(13).jpg,193399,"{""caption"":"""",""public_domain"":""no"",""image_url"":""""}",1,0,"{""name"":""polygon"",""all_points_x"":[297,286,286,292,305,315,325,318,306],""all_points_y"":[318,334,343,355,365,360,348,333,321]}","{""name"":""not_defined"",""type"":""unknown"",""image_quality"":{""good"":true,""frontal"":true,""good_illumination"":true}}"