filename,file_size,file_attributes,region_count,region_id,region_shape_attributes,region_attributes
Day.(1).jpg,132760,"{""caption"":"""",""public_domain"":""no"",""image_url"":""""}",1,0,"{""name"":""polygon"",""all_points_x"":[214,202,198,182,174,160,157,154,155,164,167,176,191,202,210,236,254,263,275,279,287,289,289,283,277,264,259,250,238,235,224],""all_points_y"":[123,126,138,152,165,179,195,209,227,246,257,269,285,290,293,304,307,292,285,278,253,239,225,217,197,178,173,157,149,140,127]}","{""name"":""not_defined"",""type"":""unknown"",""image_quality"":{""good"":true,""frontal"":true,""good_illumination"":true}}"
Day.(3).jpg,91030,"{""caption"":"""",""public_domain"":""no"",""image_url"":""""}",1,0,"{""name"":""polygon"",""all_points_x"":[168,151,142,138,139,140,143,143,154,161,170,183,192,207,217,224,230,232,234,231,222,214,199,190,182],""all_points_y"":[131,141,153,163,181,194,203,215,220,233,242,253,253,246,241,231,217,211,193,179,161,156,144,138,133]}","{""name"":""not_defined"",""type"":""unknown"",""image_quality"":{""good"":true,""frontal"":true,""good_illumination"":true}}"
Day.(5).jpg,106700,"{""caption"":"""",""public_domain"":""no"",""image_url"":""""}",1,0,"{""name"":""polygon"",""all_points_x"":[204,193,178,174,172,169,165,174,182,189,197,209,222,240,245,256,259,260,259,252,241,227,217],""all_points_y"":[153,157,165,177,189,202,224,237,249,261,274,277,273,271,269,257,237,224,209,191,175,160,155]}","{""name"":""not_defined"",""type"":""unknown"",""image_quality"":{""good"":true,""frontal"":true,""good_illumination"":true}}"
Day.(7).jpg,144044,"{""caption"":"""",""public_domain"":""no"",""image_url"":""""}",1,0,"{""name"":""polygon"",""all_points_x"":[245,235,221,214,206,206,206,206,206,217,226,236,250,258,271,274,278,283,295,295,298,298,298,294,288,275,267,257,248],""all_points_y"":[206,199,200,209,221,230,249,265,280,292,305,312,317,313,313,312,310,305,295,289,277,265,253,244,229,213,210,205,196]}","{""name"":""not_defined"",""type"":""unknown"",""image_quality"":{""good"":true,""frontal"":true,""good_illumination"":true}}"
Day.(9).jpg,263699,"{""caption"":"""",""public_domain"":""no"",""image_url"":""""}",1,0,"{""name"":""polygon"",""all_points_x"":[325,309,292,284,280,273,275,280,288,291,300,313,328,353,365,370,381,383,376,372,359,342,334],""all_points_y"":[279,286,293,301,311,324,344,360,385,409,419,422,422,412,396,388,369,348,325,298,291,290,279]}","{""name"":""not_defined"",""type"":""unknown"",""image_quality"":{""good"":true,""frontal"":true,""good_illumination"":true}}"
Day.(11).jpg,380689,"{""caption"":"""",""public_domain"":""no"",""image_url"":""""}",1,0,"{""name"":""polygon"",""all_points_x"":[420,407,388,373,369,369,378,391,407,427,447,447,452,451,442],""all_points_y"":[362,364,370,384,411,438,459,472,472,470,452,436,420,399,368]}","{""name"":""not_defined"",""type"":""unknown"",""image_quality"":{""good"":true,""frontal"":true,""good_illumination"":true}}"
Day.(13).jpg,436515,"{""caption"":"""",""public_domain"":""no"",""image_url"":""""}",1,0,"{""name"":""polygon"",""all_points_x"":[433,415,399,388,387,390,398,401,408,430,447,459,469,469,452,430,421],""all_points_y"":[319,312,320,334,351,370,390,408,426,425,413,399,360,340,324,317,317]}","{""name"":""not_defined"",""type"":""unknown"",""image_quality"":{""good"":true,""frontal"":true,""good_illumination"":true}}"