filename,file_size,file_attributes,region_count,region_id,region_shape_attributes,region_attributes
Day.(1).jpg,137919,"{""caption"":"""",""public_domain"":""no"",""image_url"":""""}",1,0,"{""name"":""polygon"",""all_points_x"":[228,206,194,182,170,162,156,156,162,162,169,178,186,195,201,211,222,234,238,243,257,262,269,273,275,276,274,279,279,278,265,251,242,232],""all_points_y"":[161,177,190,191,199,209,217,231,235,245,255,265,270,280,280,279,281,287,287,281,269,268,260,257,251,247,228,213,205,192,177,165,177,170]}","{""name"":""not_defined"",""type"":""unknown"",""image_quality"":{""good"":true,""frontal"":true,""good_illumination"":true}}"
Day.(3).jpg,107944,"{""caption"":"""",""public_domain"":""no"",""image_url"":""""}",1,0,"{""name"":""polygon"",""all_points_x"":[212,197,187,183,175,174,163,166,170,178,184,194,205,222,242,241,241,238,235,218],""all_points_y"":[183,181,189,200,197,202,216,227,233,245,247,252,250,246,227,219,205,193,185,178]}","{""name"":""not_defined"",""type"":""unknown"",""image_quality"":{""good"":true,""frontal"":true,""good_illumination"":true}}"
Day.(5).jpg,172939,"{""caption"":"""",""public_domain"":""no"",""image_url"":""""}",1,0,"{""name"":""polygon"",""all_points_x"":[286,268,262,251,241,236,233,240,242,246,259,273,279,287,297,306,317,321,325,325,325,316,304,294,291],""all_points_y"":[243,242,250,259,269,287,294,307,315,321,330,337,335,332,328,325,317,305,298,288,280,264,249,254,244]}","{""name"":""not_defined"",""type"":""unknown"",""image_quality"":{""good"":true,""frontal"":true,""good_illumination"":true}}"
Day.(7).jpg,283207,"{""caption"":"""",""public_domain"":""no"",""image_url"":""""}",1,0,"{""name"":""polygon"",""all_points_x"":[375,335,327,326,321,321,321,326,334,339,355,361,378,388,396,410,417,426,428,424,417,404],""all_points_y"":[295,310,323,335,353,373,379,381,392,396,402,402,403,411,411,399,391,379,355,337,325,307]}","{""name"":""not_defined"",""type"":""unknown"",""image_quality"":{""good"":true,""frontal"":true,""good_illumination"":true}}"
Day.(9).jpg,154620,"{""caption"":"""",""public_domain"":""no"",""image_url"":""""}",1,0,"{""name"":""polygon"",""all_points_x"":[269,253,242,239,230,234,248,258,267,276,287,296,298,298,291,288,278],""all_points_y"":[219,223,229,246,258,266,277,277,278,278,277,273,261,253,240,230,219]}","{""name"":""not_defined"",""type"":""unknown"",""image_quality"":{""good"":true,""frontal"":true,""good_illumination"":true}}"
Day.(11).jpg,445480,"{""caption"":"""",""public_domain"":""no"",""image_url"":""""}",1,0,"{""name"":""polygon"",""all_points_x"":[420,404,387,387,393,404,418,434,453,446,430],""all_points_y"":[405,400,423,442,447,461,466,466,457,436,408]}","{""name"":""not_defined"",""type"":""unknown"",""image_quality"":{""good"":true,""frontal"":true,""good_illumination"":true}}"
Day.(13).jpg,410166,"{""caption"":"""",""public_domain"":""no"",""image_url"":""""}",1,0,"{""name"":""polygon"",""all_points_x"":[413,395,394,400,414,429,433,422],""all_points_y"":[412,412,421,439,454,450,428,418]}","{""name"":""not_defined"",""type"":""unknown"",""image_quality"":{""good"":true,""frontal"":true,""good_illumination"":true}}"