filename,file_size,file_attributes,region_count,region_id,region_shape_attributes,region_attributes
Day.(1).jpg,164382,"{""caption"":"""",""public_domain"":""no"",""image_url"":""""}",1,0,"{""name"":""polygon"",""all_points_x"":[261,243,241,236,230,224,214,199,198,190,187,182,178,175,174,177,184,191,205,218,223,237,248,260,277,289,315,318,314,315,315,300,294,281,269],""all_points_y"":[155,167,173,162,156,149,159,163,170,177,193,209,228,242,258,278,293,307,313,317,318,318,318,318,317,308,291,277,255,240,229,204,187,169,157]}","{""name"":""not_defined"",""type"":""unknown"",""image_quality"":{""good"":true,""frontal"":true,""good_illumination"":true}}"
Day.(3).jpg,137779,"{""caption"":"""",""public_domain"":""no"",""image_url"":""""}",1,0,"{""name"":""polygon"",""all_points_x"":[237,230,225,212,209,201,195,194,194,186,194,203,213,222,229,244,255,266,274,280,287,290,295,292,287,294,278,269,246],""all_points_y"":[170,184,177,179,189,203,214,225,232,244,253,265,273,281,291,291,291,291,289,277,261,252,245,235,221,205,196,182,168]}","{""name"":""not_defined"",""type"":""unknown"",""image_quality"":{""good"":true,""frontal"":true,""good_illumination"":true}}"
Day.(5).jpg,211713,"{""caption"":"""",""public_domain"":""no"",""image_url"":""""}",1,0,"{""name"":""polygon"",""all_points_x"":[284,274,260,249,245,241,234,234,230,241,245,255,270,281,293,304,314,317,320,324,324,327,320,308,296,294],""all_points_y"":[213,215,217,226,235,241,257,277,289,301,311,325,330,333,333,329,320,305,293,278,268,253,240,227,225,221]}","{""name"":""not_defined"",""type"":""unknown"",""image_quality"":{""good"":true,""frontal"":true,""good_illumination"":true}}"
Day.(7).jpg,249125,"{""caption"":"""",""public_domain"":""no"",""image_url"":""""}",1,0,"{""name"":""polygon"",""all_points_x"":[339,323,306,294,294,290,290,290,292,293,304,322,341,352,365,378,386,390,393,394,390,385,374,366,356,352],""all_points_y"":[283,285,299,313,327,338,350,361,374,389,400,416,417,423,423,414,406,386,376,363,350,328,312,300,296,289]}","{""name"":""not_defined"",""type"":""unknown"",""image_quality"":{""good"":true,""frontal"":true,""good_illumination"":true}}"
Day.(9).jpg,210305,"{""caption"":"""",""public_domain"":""no"",""image_url"":""""}",1,0,"{""name"":""polygon"",""all_points_x"":[309,293,283,278,270,268,262,265,269,275,286,297,306,319,328,338,342,345,346,343,342,322,312],""all_points_y"":[262,260,274,279,286,303,309,325,334,342,356,360,358,352,341,333,316,301,285,275,260,265,261]}","{""name"":""not_defined"",""type"":""unknown"",""image_quality"":{""good"":true,""frontal"":true,""good_illumination"":true}}"
Day.(11).jpg,361028,"{""caption"":"""",""public_domain"":""no"",""image_url"":""""}",1,0,"{""name"":""polygon"",""all_points_x"":[389,370,362,362,361,361,361,361,370,378,394,408,427,432,446,445,444,444,435,430,417,405,392],""all_points_y"":[374,384,397,411,427,441,448,462,481,486,493,496,497,490,467,453,439,418,403,388,376,378,378]}","{""name"":""not_defined"",""type"":""unknown"",""image_quality"":{""good"":true,""frontal"":true,""good_illumination"":true}}"
Day.(13).jpg,788295,"{""caption"":"""",""public_domain"":""no"",""image_url"":""""}",1,0,"{""name"":""polygon"",""all_points_x"":[622,586,576,578,584,593,604,630,652,674,678,683,687,676,674,663,646],""all_points_y"":[775,790,816,843,864,884,902,917,915,902,889,871,849,827,812,794,772]}","{""name"":""not_defined"",""type"":""unknown"",""image_quality"":{""good"":true,""frontal"":true,""good_illumination"":true}}"