filename,file_size,file_attributes,region_count,region_id,region_shape_attributes,region_attributes
Day.(1).jpg,151209,"{""caption"":"""",""public_domain"":""no"",""image_url"":""""}",1,0,"{""name"":""polygon"",""all_points_x"":[271,230,206,186,154,140,141,150,161,165,184,192,208,222,245,266,278,278,295,311,333,346,362,361,398,407,425,406,378,362,343,328,309],""all_points_y"":[175,198,198,215,237,245,251,276,305,343,362,356,369,381,394,409,412,398,396,392,377,361,347,333,295,263,234,211,193,183,181,200,178]}","{""name"":""not_defined"",""type"":""unknown"",""image_quality"":{""good"":true,""frontal"":true,""good_illumination"":true}}"
Day.(3).jpg,412177,"{""caption"":"""",""public_domain"":""no"",""image_url"":""""}",1,0,"{""name"":""polygon"",""all_points_x"":[418,364,335,291,260,231,221,233,234,249,272,294,337,367,397,431,472,503,524,556,581,592,607,607,616,622,622,604,574,538,512,503,485,451,436],""all_points_y"":[400,409,395,418,443,476,505,530,568,593,613,638,650,635,638,646,638,638,643,632,614,583,568,541,512,494,475,440,412,398,400,368,365,377,380]}","{""name"":""not_defined"",""type"":""unknown"",""image_quality"":{""good"":true,""frontal"":true,""good_illumination"":true}}"
Day.(5).jpg,245699,"{""caption"":"""",""public_domain"":""no"",""image_url"":""""}",1,0,"{""name"":""polygon"",""all_points_x"":[340,332,313,293,267,251,260,269,281,304,327,350,401,423,447,462,467,468,472,467,459,441,432,409],""all_points_y"":[259,281,295,313,321,344,377,407,414,431,437,438,427,422,412,403,390,373,355,336,313,302,283,264]}","{""name"":""not_defined"",""type"":""unknown"",""image_quality"":{""good"":true,""frontal"":true,""good_illumination"":true}}"
Day.(7).jpg,168993,"{""caption"":"""",""public_domain"":""no"",""image_url"":""""}",1,0,"{""name"":""polygon"",""all_points_x"":[252,234,212,202,192,178,178,189,202,216,227,238,257,280,301,311,322,329,322,314,306,278,270],""all_points_y"":[192,209,221,245,241,256,274,289,302,316,328,330,331,325,314,296,281,270,253,234,215,202,186]}","{""name"":""not_defined"",""type"":""unknown"",""image_quality"":{""good"":true,""frontal"":true,""good_illumination"":true}}"
Day.(9).jpg,127043,"{""caption"":"""",""public_domain"":""no"",""image_url"":""""}",1,0,"{""name"":""polygon"",""all_points_x"":[257,230,208,189,198,202,214,237,249,272,286,295,309,318,322,322,314,311,286],""all_points_y"":[197,217,241,260,281,294,305,323,323,319,318,311,297,281,268,246,224,214,202]}","{""name"":""not_defined"",""type"":""unknown"",""image_quality"":{""good"":true,""frontal"":true,""good_illumination"":true}}"
Day.(11).jpg,210121,"{""caption"":"""",""public_domain"":""no"",""image_url"":""""}",1,0,"{""name"":""polygon"",""all_points_x"":[329,307,286,274,278,294,310,326,352,363,365,366,354],""all_points_y"":[238,250,277,291,316,328,333,340,334,321,305,279,257]}","{""name"":""not_defined"",""type"":""unknown"",""image_quality"":{""good"":true,""frontal"":true,""good_illumination"":true}}"
Day.(13).jpg,350449,"{""caption"":"""",""public_domain"":""no"",""image_url"":""""}",1,0,"{""name"":""polygon"",""all_points_x"":[406,372,358,367,391,407,432,452,454,454,454,428],""all_points_y"":[329,371,395,420,427,439,442,429,408,389,364,336]}","{""name"":""not_defined"",""type"":""unknown"",""image_quality"":{""good"":true,""frontal"":true,""good_illumination"":true}}"