filename,file_size,file_attributes,region_count,region_id,region_shape_attributes,region_attributes
Day.(1).jpg,41646,"{""caption"":"""",""public_domain"":""no"",""image_url"":""""}",1,0,"{""name"":""polygon"",""all_points_x"":[122,107,103,90,83,83,86,90,95,106,111,118,122,134,142,144,141,135],""all_points_y"":[86,89,93,93,105,117,129,138,145,153,153,158,161,157,140,127,110,91]}","{""name"":""not_defined"",""type"":""unknown"",""image_quality"":{""good"":true,""frontal"":true,""good_illumination"":true}}"
Day.(3).jpg,64244,"{""caption"":"""",""public_domain"":""no"",""image_url"":""""}",1,0,"{""name"":""polygon"",""all_points_x"":[163,149,140,132,125,120,126,138,146,158,167,178,186,188,194,196,196,198,182,167],""all_points_y"":[115,114,123,130,144,155,165,172,172,172,174,177,177,174,165,153,148,132,117,116]}","{""name"":""not_defined"",""type"":""unknown"",""image_quality"":{""good"":true,""frontal"":true,""good_illumination"":true}}"
Day.(5).jpg,93340,"{""caption"":"""",""public_domain"":""no"",""image_url"":""""}",1,0,"{""name"":""polygon"",""all_points_x"":[168,155,149,146,147,147,151,160,170,180,191,200,218,222,219,212,199,190,182],""all_points_y"":[161,169,181,189,200,206,213,221,228,229,226,224,215,208,189,177,169,169,165]}","{""name"":""not_defined"",""type"":""unknown"",""image_quality"":{""good"":true,""frontal"":true,""good_illumination"":true}}"
Day.(7).jpg,125452,"{""caption"":"""",""public_domain"":""no"",""image_url"":""""}",1,0,"{""name"":""polygon"",""all_points_x"":[232,218,206,205,199,205,211,217,231,249,253,257,259,254,251],""all_points_y"":[215,226,238,249,265,272,279,283,286,287,273,259,244,234,222]}","{""name"":""not_defined"",""type"":""unknown"",""image_quality"":{""good"":true,""frontal"":true,""good_illumination"":true}}"
Day.(9).jpg,150823,"{""caption"":"""",""public_domain"":""no"",""image_url"":""""}",1,0,"{""name"":""polygon"",""all_points_x"":[261,242,223,213,210,220,221,241,250,271,270,262],""all_points_y"":[214,214,228,229,245,257,265,270,275,258,233,220]}","{""name"":""not_defined"",""type"":""unknown"",""image_quality"":{""good"":true,""frontal"":true,""good_illumination"":true}}"
Day.(11).jpg,178544,"{""caption"":"""",""public_domain"":""no"",""image_url"":""""}",1,0,"{""name"":""polygon"",""all_points_x"":[286,275,265,266,264,277,292,306,311,316,316,303,292],""all_points_y"":[193,199,214,220,233,243,243,243,243,232,219,199,194]}","{""name"":""not_defined"",""type"":""unknown"",""image_quality"":{""good"":true,""frontal"":true,""good_illumination"":true}}"
Day.(13).jpg,194115,"{""caption"":"""",""public_domain"":""no"",""image_url"":""""}",1,0,"{""name"":""polygon"",""all_points_x"":[266,256,253,259,266,276,285,276],""all_points_y"":[211,217,231,233,238,238,229,217]}","{""name"":""not_defined"",""type"":""unknown"",""image_quality"":{""good"":true,""frontal"":true,""good_illumination"":true}}"