filename,file_size,file_attributes,region_count,region_id,region_shape_attributes,region_attributes
Day.(1).jpg,66594,"{""caption"":"""",""public_domain"":""no"",""image_url"":""""}",1,0,"{""name"":""polygon"",""all_points_x"":[109,102,97,97,94,96,98,101,108,118,130,146,162,176,188,200,209,219,224,221,207,194,180,157,150],""all_points_y"":[99,109,131,143,152,166,185,194,204,217,226,228,229,229,221,209,192,172,156,136,121,113,106,97,101]}","{""name"":""not_defined"",""type"":""unknown"",""image_quality"":{""good"":true,""frontal"":true,""good_illumination"":true}}"
Day.(3).jpg,431733,"{""caption"":"""",""public_domain"":""no"",""image_url"":""""}",1,0,"{""name"":""polygon"",""all_points_x"":[408,398,384,371,361,353,346,339,339,339,347,362,382,428,474,493,506,518,523,530,529,523,515,508,499,493,484,470,441,429],""all_points_y"":[314,329,337,348,360,376,400,417,439,466,485,501,513,529,517,506,495,487,476,452,433,411,386,368,356,343,336,328,320,313]}","{""name"":""not_defined"",""type"":""unknown"",""image_quality"":{""good"":true,""frontal"":true,""good_illumination"":true}}"
Day.(5).jpg,194064,"{""caption"":"""",""public_domain"":""no"",""image_url"":""""}",1,0,"{""name"":""polygon"",""all_points_x"":[233,222,218,215,218,225,226,228,227,227,228,232,246,251,266,278,288,298,313,319,327,327,327,309,294,281,266,251],""all_points_y"":[217,226,236,245,251,263,272,279,289,299,309,315,329,330,330,331,327,322,313,304,289,269,249,237,225,211,213,214]}","{""name"":""not_defined"",""type"":""unknown"",""image_quality"":{""good"":true,""frontal"":true,""good_illumination"":true}}"
Day.(7).jpg,249229,"{""caption"":"""",""public_domain"":""no"",""image_url"":""""}",1,0,"{""name"":""polygon"",""all_points_x"":[290,274,264,246,246,245,242,251,257,268,290,307,315,324,334,338,342,341,331,315,297],""all_points_y"":[273,292,288,293,309,323,342,353,364,375,382,375,371,358,346,317,305,294,286,276,280]}","{""name"":""not_defined"",""type"":""unknown"",""image_quality"":{""good"":true,""frontal"":true,""good_illumination"":true}}"
Day.(9).jpg,218968,"{""caption"":"""",""public_domain"":""no"",""image_url"":""""}",1,0,"{""name"":""polygon"",""all_points_x"":[324,300,276,269,266,263,261,261,270,282,299,306,322,342,361,372,376,374,362,358,355,343,334],""all_points_y"":[273,274,287,297,312,338,354,368,383,398,406,408,406,403,394,384,362,347,329,315,306,289,280]}","{""name"":""not_defined"",""type"":""unknown"",""image_quality"":{""good"":true,""frontal"":true,""good_illumination"":true}}"
Day.(11).jpg,447346,"{""caption"":"""",""public_domain"":""no"",""image_url"":""""}",1,0,"{""name"":""polygon"",""all_points_x"":[379,354,362,363,363,367,371,389,409,428,450,468,479,497,494,471,460,440,419,401,384],""all_points_y"":[377,382,408,426,438,451,475,494,508,509,509,499,487,466,443,427,398,382,374,370,384]}","{""name"":""not_defined"",""type"":""unknown"",""image_quality"":{""good"":true,""frontal"":true,""good_illumination"":true}}"
Day.(13).jpg,327502,"{""caption"":"""",""public_domain"":""no"",""image_url"":""""}",1,0,"{""name"":""polygon"",""all_points_x"":[361,343,343,347,356,372,374],""all_points_y"":[374,378,391,401,406,403,389]}","{""name"":""not_defined"",""type"":""unknown"",""image_quality"":{""good"":true,""frontal"":true,""good_illumination"":true}}"