filename,file_size,file_attributes,region_count,region_id,region_shape_attributes,region_attributes
Day.(1).jpg,175246,"{""caption"":"""",""public_domain"":""no"",""image_url"":""""}",1,0,"{""name"":""polygon"",""all_points_x"":[272,250,233,223,214,202,194,199,199,205,208,218,219,222,234,238,255,263,273,290,306,318,327,339,350,350,344,339,339,336,330,314,296],""all_points_y"":[215,229,229,240,253,265,285,299,308,322,336,345,349,357,357,349,349,353,357,350,343,336,336,332,327,313,297,285,273,264,253,237,222]}","{""name"":""not_defined"",""type"":""unknown"",""image_quality"":{""good"":true,""frontal"":true,""good_illumination"":true}}"
Day.(3).jpg,346443,"{""caption"":"""",""public_domain"":""no"",""image_url"":""""}",1,0,"{""name"":""polygon"",""all_points_x"":[391,369,348,343,342,335,329,324,323,317,323,335,343,353,362,376,386,400,418,432,444,451,462,461,452,447,434,421,404],""all_points_y"":[289,303,307,320,331,339,355,366,386,399,421,433,440,449,456,468,469,465,462,462,459,445,416,394,372,349,329,305,290]}","{""name"":""not_defined"",""type"":""unknown"",""image_quality"":{""good"":true,""frontal"":true,""good_illumination"":true}}"
Day.(5).jpg,345520,"{""caption"":"""",""public_domain"":""no"",""image_url"":""""}",1,0,"{""name"":""polygon"",""all_points_x"":[401,384,364,350,346,344,343,360,375,382,395,408,433,446,463,474,474,474,467,458,446,432,417],""all_points_y"":[334,348,360,395,409,425,443,462,478,491,497,498,494,488,468,458,438,416,407,379,367,349,331]}","{""name"":""not_defined"",""type"":""unknown"",""image_quality"":{""good"":true,""frontal"":true,""good_illumination"":true}}"
Day.(7).jpg,303401,"{""caption"":"""",""public_domain"":""no"",""image_url"":""""}",1,0,"{""name"":""polygon"",""all_points_x"":[388,372,361,345,328,320,322,329,337,345,364,371,386,402,417,440,440,433,406,396],""all_points_y"":[388,382,382,388,394,416,428,447,460,470,476,481,476,476,464,440,415,400,388,375]}","{""name"":""not_defined"",""type"":""unknown"",""image_quality"":{""good"":true,""frontal"":true,""good_illumination"":true}}"
Day.(9).jpg,221156,"{""caption"":"""",""public_domain"":""no"",""image_url"":""""}",1,0,"{""name"":""polygon"",""all_points_x"":[338,313,313,310,315,325,358,371,379,386,390,370,354],""all_points_y"":[287,319,328,341,353,364,373,365,353,344,325,294,296]}","{""name"":""not_defined"",""type"":""unknown"",""image_quality"":{""good"":true,""frontal"":true,""good_illumination"":true}}"
Day.(11).jpg,585314,"{""caption"":"""",""public_domain"":""no"",""image_url"":""""}",1,0,"{""name"":""polygon"",""all_points_x"":[515,487,469,464,469,485,488,507,528,548,560,573,575,583,572,538],""all_points_y"":[644,658,676,703,722,733,738,756,768,764,744,730,714,693,664,645]}","{""name"":""not_defined"",""type"":""unknown"",""image_quality"":{""good"":true,""frontal"":true,""good_illumination"":true}}"
Day.(13).jpg,1141746,"{""caption"":"""",""public_domain"":""no"",""image_url"":""""}",1,0,"{""name"":""polygon"",""all_points_x"":[695,667,657,657,659,674,700,721,732,745,760,768,773,753,734],""all_points_y"":[874,895,932,943,958,975,1001,1001,986,982,973,954,926,900,876]}","{""name"":""not_defined"",""type"":""unknown"",""image_quality"":{""good"":true,""frontal"":true,""good_illumination"":true}}"